Designator,Footprint,Quantity,Value,LCSC Part #
"C10, C12, C13, C14, C15, C16, C18, C8",0603,8,15p,CL10C150JB8NNNC
"C11, C22, C23, C24, C25, C26, C27, C28, C33, C58, C59, C7, C9",0603,13,100n,GRM188R72A104KA35D
"C17, C34",0805,2,10u,GRJ21BR61E106KE01L
"C19, C20",0603,2,4.7u,GRT188R61C475KE13D
C35,0603,1,220n,GRM188R71E224KA88D
"C36, C37, C6, C60, C61",0603,5,1u,GRT188R71E105KE13D
"C48, C49, C50, C51, C52, C53, C54, C55",0603,8,10n C0G,GRM1885C1H103JA01D
C62,0805,1,22u 16V,GRM219R61C226ME15K
D1,D_SMF,1,SMF5.0A,SMF5.0A
D2,0603,1,LED,150060GS75000
FB1,0603,1,BLM18PG221SN1,BLM18PG221SN1D
FB2,0603,1,BLM18KG102SN1,BLM18KG102SN1D
J2,USB_C_Receptacle_GCT_USB4125-xx-x_6P_TopMnt_Horizontal,1,USB_C_Receptacle_PowerOnly_6P,USB4125-GF-A
J3,687110182122,1,6871XX182122_687110182122,687110182122
J5,PinHeader_1x03_P1.27mm_Vertical_SMD_Pin1Right,1,Conn_01x03_Pin,M50-3630342
J7,PinHeader_2x06_P2.54mm_Vertical_SMD,1,Conn_02x06_Odd_Even,61001221121
R1,0603,1,130k,RC0603FR-07130KL
"R10, R22, R27, R32, R37, R42, R47, R57",0603,8,1M,RN73R1JTTD1004B25
"R11, R12, R77, R78",0603,4,10k,RC0603FR-0710KL
R2,0603,1,105k,AC0603FR-07105KL
"R23, R25, R28, R30, R33, R35, R40, R41, R43, R45, R50, R51, R55, R60",0603,14,4.99k,RT0603BRD074K99L
"R24, R26, R29, R31, R34, R36, R38, R39, R44, R46, R48, R49, R56, R59",0603,14,10k,RT0603BRD0710KL
"R3, R4",0603,2,5.1k,RC0603FR-075K1L
R6,0603,1,120k,RC0603FR-07120KL
"R61, R63, R65, R67, R69, R71, R73, R75",0603,8,1.1k,RT0603BRD071K1L
"R62, R64, R66, R68, R70, R72, R74, R76",0603,8,1k,RN73R1JTTD1001B25
R7,0603,1,4.7k,RC0603FR-074K7L
"R79, R9",0603,2,100k,RC0603FR-07100KL
"R80, R81, R82",0603,3,33R,RC0603FR-0733RL
"TP1, TP2, TP3, TP5",TestPoint_Pad_D1.5mm,4,TestPoint,
U1,SOT-323_SC-70,1,TPD2E2U06DCK,TPD2E2U06DCKR
"U11, U12, U13, U6",SOP63P600X175-16N,4,OPA4350EA_250,OPA4350EA/250
U2,TQFP-32_5x5mm_P0.5mm,1,ADS131M08xPBS,ADS131M08IPBSR
U3,SOT-23-5,1,74LVC1G17,SN74LVC1G17DBVR
U4,WSON-12-1EP_3x2mm_P0.5mm_EP1x2.65_ThermalVias,1,LM27762,LM27762DSSR
U7,SOT-23-5,1,LP5907MFX-3.3,LP5907MFX-3.3/NOPB
