Designator,Mid X,Mid Y,Rotation,Layer
C10,134.210001,-89.03,0.0,top
C11,132.326075,-96.292158,180.0,bottom
C12,130.958525,-89.02,180.0,top
C13,134.21,-101.1,0.0,top
C14,130.96,-101.1,180.0,top
C15,131.0,-104.595,180.0,top
C16,134.25,-104.595,0.0,top
C17,147.73,-88.07,270.0,top
C18,131.0,-116.665,180.0,top
C19,150.19,-89.03,180.0,top
C20,155.03,-82.39,90.0,top
C22,132.3248,-93.97,0.0,bottom
C23,147.869,-98.0366,270.0,bottom
C24,149.969,-98.0366,90.0,bottom
C25,147.831329,-108.743844,270.0,bottom
C26,149.931329,-108.743844,90.0,bottom
C27,132.8852,-111.725,180.0,bottom
C28,132.8839,-109.4028,0.0,bottom
C33,148.49,-83.045,90.0,top
C34,146.05,-85.23,180.0,top
C35,169.41,-97.53,90.0,top
C36,167.36,-96.31,90.0,top
C37,168.6,-108.6,270.0,top
C48,156.079506,-92.345309,180.0,top
C49,159.28,-94.695,180.0,top
C50,156.08,-97.045,180.0,top
C51,159.28,-99.395,180.0,top
C52,156.08,-101.745,180.0,top
C53,159.28,-104.095,180.0,top
C54,156.08,-106.445,180.0,top
C55,159.28,-108.795,180.0,top
C58,173.89,-94.55,90.0,top
C59,166.72,-107.96,270.0,top
C6,153.57,-85.35,270.0,top
C60,140.12,-86.76,0.0,top
C61,143.35,-87.9,90.0,top
C62,143.037069,-84.203338,270.0,top
C7,150.19,-87.57,180.0,top
C8,134.2515,-116.675,0.0,top
C9,153.57,-82.39,90.0,top
D1,131.41,-85.47,180.0,top
D2,142.6775,-78.3,0.0,top
FB1,171.3,-109.0,0.0,top
FB2,145.49,-83.47,0.0,top
H1,124.0,-79.0,0.0,top
H2,174.0,-79.0,0.0,top
H3,124.0,-118.0,0.0,top
H4,174.0,-118.0,0.0,top
J2,134.89,-79.445,180.0,top
J3,123.989426,-103.301476,270.0,top
J5,125.85,-111.98,90.0,top
J7,165.03,-87.18,270.0,top
R1,151.11,-80.81,180.0,top
R10,134.25,-115.205,0.0,top
R11,147.9,-84.16,90.0,bottom
R12,146.44,-84.16,90.0,bottom
R2,153.145,-87.57,180.0,top
R22,134.21,-90.49,0.0,top
R23,146.639,-94.9416,270.0,bottom
R24,148.099,-94.9366,90.0,bottom
R25,145.179,-96.6266,270.0,bottom
R26,143.719,-96.6266,90.0,bottom
R27,130.96,-90.49,180.0,top
R28,146.629,-101.1416,90.0,bottom
R29,148.090347,-101.1416,270.0,bottom
R3,134.19,-84.895,270.0,bottom
R30,145.178005,-99.584963,90.0,bottom
R31,143.718005,-99.584963,270.0,bottom
R32,134.21,-99.64,0.0,top
R33,152.659,-96.6266,270.0,bottom
R34,154.119,-96.6266,90.0,bottom
R35,152.66,-99.585,90.0,bottom
R36,154.12,-99.585,270.0,bottom
R37,130.96,-99.64,180.0,top
R38,149.739,-94.9366,90.0,bottom
R39,149.7477,-101.1416,270.0,bottom
R4,135.65,-84.895,270.0,bottom
R40,151.209,-101.1416,90.0,bottom
R41,151.199,-94.9416,270.0,bottom
R42,131.0,-106.055,180.0,top
R43,145.140329,-110.292244,90.0,bottom
R44,143.680329,-110.292244,270.0,bottom
R45,145.141329,-107.333844,270.0,bottom
R46,143.681329,-107.333844,90.0,bottom
R47,134.25,-106.055,0.0,top
R48,148.052629,-111.848844,270.0,bottom
R49,148.061329,-105.643844,90.0,bottom
R50,146.601329,-105.648844,270.0,bottom
R51,146.591329,-111.848844,90.0,bottom
R55,152.622329,-110.292244,90.0,bottom
R56,154.082329,-110.292244,270.0,bottom
R57,131.0,-115.205,180.0,top
R59,149.710029,-111.848844,270.0,bottom
R6,151.11,-82.27,0.0,top
R60,151.171329,-111.848844,90.0,bottom
R61,156.08,-93.81,0.0,top
R62,156.085,-95.27,180.0,top
R63,159.28,-96.16,0.0,top
R64,159.28,-97.62,180.0,top
R65,156.08,-98.51,0.0,top
R66,156.08,-99.97,180.0,top
R67,159.28,-100.86,0.0,top
R68,159.28,-102.32,180.0,top
R69,156.08,-103.21,0.0,top
R7,142.64,-79.87,0.0,top
R70,156.08,-104.67,180.0,top
R71,159.28,-105.56,0.0,top
R72,159.28,-107.02,180.0,top
R73,156.08,-107.91,0.0,top
R74,156.08,-109.37,180.0,top
R75,159.28,-110.26,0.0,top
R76,159.28,-111.72,180.0,top
R77,173.35,-106.45,90.0,top
R78,171.1,-107.1,180.0,top
R79,171.475,-94.0,0.0,top
R80,173.05,-100.851,0.0,top
R81,172.3,-102.65,0.0,top
R82,173.3,-104.2,0.0,top
R9,153.145,-89.03,180.0,top
TP1,123.749426,-97.901476,0.0,top
TP2,123.529426,-94.171476,0.0,top
TP3,125.009426,-83.771476,0.0,top
TP5,125.009426,-87.52,0.0,top
U1,134.66,-81.69,90.0,bottom
U11,148.919,-97.7066,0.0,top
U12,148.881329,-108.413844,0.0,top
U13,132.8852,-110.562,90.0,top
U2,166.134857,-102.100995,270.0,top
U3,172.75,-97.9,180.0,top
U4,151.09,-84.98,0.0,top
U6,132.3248,-95.133,270.0,top
U7,140.5725,-89.44,180.0,top
