Qty per board,References,Value,Description,Manufacturer,MPN,Mouser link,Mouser stock (2026-09-28),EUR/pc @10,EUR/pc @100,Footprint,Notes
5,"C6,C36,C37,C60,C61",1u,1 µF 25V X7R 0603,Murata,GRT188R71E105KE13D,https://www.mouser.it/c/?q=GRT188R71E105KE13D,"140,413",0.046,0.040,Capacitor_SMD:C_0603_1608Metric,
13,"C7,C9,C11,C22,C23,C24,C25,C26,C27,C28,C33,C58,C59",100n,100 nF 100V X7R 0603,Murata,GRM188R72A104KA35D,https://www.mouser.it/c/?q=GRM188R72A104KA35D,"1,304,093",0.075,0.046,Capacitor_SMD:C_0603_1608Metric,Replaces obsolete GRM188R71H104KA93D
8,"C8,C10,C12,C13,C14,C15,C16,C18",15p,15 pF 50V C0G ±5% 0603,Samsung Electro-Mechanics,CL10C150JB8NNNC,https://www.mouser.it/c/?q=CL10C150JB8NNNC,"53,656",0.039,0.023,Capacitor_SMD:C_0603_1608Metric,Rf||Cf; Murata 0603 15p C0G all NRND
2,"C17,C34",10u,10 µF 25V X5R 0805 soft term.,Murata,GRJ21BR61E106KE01L,https://www.mouser.it/c/?q=GRJ21BR61E106KE01L,"21,004",0.064,0.056,Capacitor_SMD:C_0805_2012Metric,C17 at about -5V; check DC bias
2,"C19,C20",4.7u,4.7 µF 16V X5R 0603,Murata,GRT188R61C475KE13D,https://www.mouser.it/c/?q=GRT188R61C475KE13D,"7,003",0.068,0.059,Capacitor_SMD:C_0603_1608Metric,±2V5 LDO outputs; check DC bias
1,C35,220n,220 nF 25V X7R 0603,Murata,GRM188R71E224KA88D,https://www.mouser.it/c/?q=GRM188R71E224KA88D,"9,632",0.043,0.026,Capacitor_SMD:C_0603_1608Metric,ADC CAP pin
8,"C48,C49,C50,C51,C52,C53,C54,C55",10n C0G,10 nF 50V C0G ±5% 0603,Murata,GRM1885C1H103JA01D,https://www.mouser.it/c/?q=GRM1885C1H103JA01D,"225,876",0.061,0.037,Capacitor_SMD:C_0603_1608Metric,ADC anti-alias
1,C62,22u 16V,22 µF 16V X5R 0805,Murata,GRM219R61C226ME15K,https://www.mouser.it/c/?q=GRM219R61C226ME15K,"24,889",0.170,0.111,Capacitor_SMD:C_0805_2012Metric,USB input C of the pi filter
1,D1,SMF5.0A,TVS 5V unidirectional 200W SOD-123FL,Littelfuse,SMF5.0A,https://www.mouser.it/c/?q=SMF5.0A,"1,815",0.231,0.152,Diode_SMD:D_SMF,Pick the Littelfuse listing
1,D2,LED,LED green 0603,Würth Elektronik,150060GS75000,https://www.mouser.it/c/?q=150060GS75000,not checked,,,LED_SMD:LED_0603_1608Metric,Power LED; verify stock
1,FB1,BLM18PG221SN1,Ferrite bead 220Ω@100MHz 0603,Murata,BLM18PG221SN1D,https://www.mouser.it/c/?q=BLM18PG221SN1D,"122,451",0.053,0.035,Inductor_SMD:L_0603_1608Metric,
1,FB2,BLM18KG102SN1,Ferrite bead 1000Ω@100MHz 1A 0603,Murata,BLM18KG102SN1D,https://www.mouser.it/c/?q=BLM18KG102SN1D,"122,995",0.055,0.039,Inductor_SMD:L_0603_1608Metric,Pi filter
1,J2,USB_C_Receptacle_PowerOnly_6P,"USB-C receptacle, power only 6P",GCT,USB4125-GF-A,https://www.mouser.it/c/?q=USB4125-GF-A,not checked,,,Connector_USB:USB_C_Receptacle_GCT_USB4125-xx-x_6P_TopMnt_Horizontal,Verify stock
1,J3,6871XX182122_687110182122,FFC/FPC connector 10p 0.5mm,Würth Elektronik,687110182122,https://www.mouser.it/c/?q=687110182122,not checked,,,CONNETTORE 687110182122:687110182122,Sensor input; verify stock
1,J5,Conn_01x03_Pin,,,,https://www.mouser.it/c/connectors/headers-wire-housings/?q=1x03%20SMD%20pin%20header%201.27,,,,Connector_PinHeader_1.27mm:PinHeader_1x03_P1.27mm_Vertical_SMD_Pin1Right,MPN to choose: 1x03 1.27 mm SMD alternating-pin header (footprint ..._SMD_Pin1Right) + 1.27 mm shunt
1,J7,Conn_02x06_Odd_Even,Pin header 2x06 2.54mm SMT,Würth Elektronik,61001221121,https://www.mouser.it/c/?q=61001221121,not checked,,,Connector_PinHeader_2.54mm:PinHeader_2x06_P2.54mm_Vertical_SMD,Check land pattern vs KiCad SMD footprint
1,R1,130k,130 kΩ 1% thick film 0603,Yageo,RC0603FR-07130KL,https://www.mouser.it/c/?q=RC0603FR-07130KL,in stock,0.012,0.007,PCM_SparkFun-Resistor:R_0603_1608Metric,
1,R2,105k,105 kΩ 1% thick film 0603,Yageo,AC0603FR-07105KL,https://www.mouser.it/c/?q=AC0603FR-07105KL,"39,037",0.015,0.010,PCM_SparkFun-Resistor:R_0603_1608Metric,RC0603FR-07105KL out of stock
2,"R3,R4",5.1k,5.1 kΩ 1% thick film 0603,Yageo,RC0603FR-075K1L,https://www.mouser.it/c/?q=RC0603FR-075K1L,in stock,0.015,0.009,PCM_SparkFun-Resistor:R_0603_1608Metric,USB-C CC pull-downs
1,R6,120k,120 kΩ 1% thick film 0603,Yageo,RC0603FR-07120KL,https://www.mouser.it/c/?q=RC0603FR-07120KL,in stock,0.012,0.007,PCM_SparkFun-Resistor:R_0603_1608Metric,
1,R7,4.7k,4.7 kΩ 1% thick film 0603,Yageo,RC0603FR-074K7L,https://www.mouser.it/c/?q=RC0603FR-074K7L,in stock,0.012,0.007,Resistor_SMD:R_0603_1608Metric,
2,"R9,R79",100k,100 kΩ 1% thick film 0603,Yageo,RC0603FR-07100KL,https://www.mouser.it/c/?q=RC0603FR-07100KL,"5,040,000",0.012,0.007,PCM_SparkFun-Resistor:R_0603_1608Metric,
8,"R10,R22,R27,R32,R37,R42,R47,R57",1M,1 MΩ 0.1% 25ppm thin film 0603,KOA Speer,RN73R1JTTD1004B25,https://www.mouser.it/c/?q=RN73R1JTTD1004B25,"2,483",0.066,0.063,Resistor_SMD:R_0603_1608Metric,Transimpedance Rf
4,"R11,R12,R77,R78",10k,10 kΩ 1% thick film 0603,Yageo,RC0603FR-0710KL,https://www.mouser.it/c/?q=RC0603FR-0710KL,in stock,0.012,0.007,PCM_SparkFun-Resistor:R_0603_1608Metric,
14,"R23,R25,R28,R30,R33,R35,R40,R41,R43,R45,R50,R51,R55,R60",4.99k,4.99 kΩ 0.1% 25ppm thin film 0603,Yageo,RT0603BRD074K99L,https://www.mouser.it/c/?q=RT0603BRD074K99L,"49,304",0.052,0.048,Resistor_SMD:R_0603_1608Metric,Diff amp (was 5k)
14,"R24,R26,R29,R31,R34,R36,R38,R39,R44,R46,R48,R49,R56,R59",10k,10 kΩ 0.1% 25ppm thin film 0603,Yageo,RT0603BRD0710KL,https://www.mouser.it/c/?q=RT0603BRD0710KL,"146,030",0.052,0.048,Resistor_SMD:R_0603_1608Metric,Diff amp
8,"R61,R63,R65,R67,R69,R71,R73,R75",1.1k,1.1 kΩ 0.1% 25ppm thin film 0603,Yageo,RT0603BRD071K1L,https://www.mouser.it/c/?q=RT0603BRD071K1L,"22,217",0.052,0.048,Resistor_SMD:R_0603_1608Metric,ADC divider top
8,"R62,R64,R66,R68,R70,R72,R74,R76",1k,1 kΩ 0.1% 25ppm thin film 0603,KOA Speer,RN73R1JTTD1001B25,https://www.mouser.it/c/?q=RN73R1JTTD1001B25,"19,896",0.064,0.061,Resistor_SMD:R_0603_1608Metric,ADC divider bottom
3,"R80,R81,R82",33R,33 Ω 1% thick film 0603,Yageo,RC0603FR-0733RL,https://www.mouser.it/c/?q=RC0603FR-0733RL,in stock,0.012,0.007,Resistor_SMD:R_0603_1608Metric,Source terminations
1,U1,TPD2E2U06DCK,ESD protection 2-ch SC-70,Texas Instruments,TPD2E2U06DCKR,https://www.mouser.it/c/?q=TPD2E2U06DCKR,not checked,,,Package_TO_SOT_SMD:SOT-323_SC-70,Verify stock
1,U2,ADS131M08xPBS,"ADC 8-ch 24-bit simultaneous, TQFP-32",Texas Instruments,ADS131M08IPBSR,https://www.mouser.it/c/?q=ADS131M08IPBSR,"3,949",7.23,6.17,Package_QFP:TQFP-32_5x5mm_P0.5mm,
1,U3,74LVC1G17,Schmitt buffer SOT-23-5,Texas Instruments,SN74LVC1G17DBVR,https://www.mouser.it/c/?q=SN74LVC1G17DBVR,"24,151",0.087,0.065,Package_TO_SOT_SMD:SOT-23-5,
1,U4,LM27762,Inverting charge pump + ±LDOs WSON-12,Texas Instruments,LM27762DSSR,https://www.mouser.it/c/?q=LM27762DSSR,"19,005",1.38,1.14,Package_SON:WSON-12-1EP_3x2mm_P0.5mm_EP1x2.65_ThermalVias,
4,"U6,U11,U12,U13",OPA4350EA_250,Quad op-amp SSOP-16,Texas Instruments,OPA4350EA/250,https://www.mouser.it/c/?q=OPA4350EA/250,"1,050",8.53,7.31,Opa4:SOP63P600X175-16N,END OF LIFE (TI Last Time Buy): buy now
1,U7,LP5907MFX-3.3,LDO 3.3V 250mA low-noise SOT-23-5,Texas Instruments,LP5907MFX-3.3/NOPB,https://www.mouser.it/c/?q=LP5907MFX-3.3/NOPB,"114,650",0.399,0.312,Package_TO_SOT_SMD:SOT-23-5,Replaces TPS7A2033 (26 wk lead)
